Theme,Audience,Hook,Post Angle,CTA,Format,Status
Personal Branding,Founders,Most people treat LinkedIn like a resume.,"Use LinkedIn like a trust building asset by sharing stories, lessons, and proof of work.",Comment BRAND for the checklist,Text Post,Idea
Lead Generation,Consultants,You do not need more leads. You need a clearer offer.,Explain how messaging clarity increases inbound leads.,Save this post for your next offer rewrite,Text Post,Idea
Content Strategy,Agencies,"If your content is inconsistent, your pipeline will be inconsistent.",Show how a simple weekly system creates steady visibility.,Follow for more workflow tips,Carousel,Idea
Authority,Coaches,The easiest way to look credible online is to document results.,"Break down three proof elements: client wins, process, point of view.",DM me AUTHORITY for help,Text Post,Idea
LinkedIn Growth,Creators,You are one post away from the right client noticing you.,Explain how niche clarity plus consistency compounds.,Share this with a creator,Text Post,Idea
Offer Positioning,Freelancers,Bad offers create bad conversations.,Give a short framework to reposition a service into an outcome based offer.,Comment OFFER for the template,Carousel,Idea
Storytelling,Founders,Facts inform. Stories convert.,Turn a client problem into a narrative LinkedIn post structure.,Save this storytelling framework,Text Post,Idea
Networking,Job Seekers,Most networking fails because the first message is selfish.,Teach a 3 line connection request template.,Follow for better outreach systems,Text Post,Idea
Automation,Consultants,"Automation should support relationships, not replace them.",Explain what parts of outreach and follow up can be systemized safely.,Comment SYSTEM for the workflow,Text Post,Idea
Reputation,Executives,People decide what you are known for before they meet you.,"Show how profile, posts, and comments create digital reputation.",DM PROFILE for an audit,Text Post,Idea
Lead Nurture,Agencies,The fortune is in the follow up that actually happens.,Share a simple 4 touch follow up cadence.,Save this for your CRM,Carousel,Idea
SEO,Personal Brands,"A strong LinkedIn post can become a blog, reel, and email.",Explain content repurposing for reach and search visibility.,Follow for content systems,Text Post,Idea
Social Proof,Coaches,Testimonials are weak when they only say you are great.,Show how to request result focused testimonials.,Comment PROOF for the script,Text Post,Idea
Brand Strategy,Founders,Your audience should know exactly who you help within 5 seconds.,Teach a homepage and headline clarity audit.,Share this with a founder,Carousel,Idea
Positioning,Consultants,Generalists work harder for lower quality clients.,Give steps for choosing a profitable niche.,Save this positioning checklist,Text Post,Idea
Thought Leadership,Creators,Thought leadership starts when you stop repeating obvious advice.,Show how to develop original angles from client work.,Follow for sharper content ideas,Text Post,Idea
Conversion,Agencies,More views do not matter if your CTA is weak.,Compare low intent versus high intent CTAs.,Comment CTA for examples,Text Post,Idea
Profile Optimization,Job Seekers,Your headline is not a job title field.,"Provide a headline formula using audience, outcome, and proof.",DM HEADLINE for the template,Text Post,Idea
Client Retention,Freelancers,The easiest sale is often your next sale.,Share a post purchase nurture checklist.,Save this retention idea,Carousel,Idea
Process,Founders,Messy operations quietly kill momentum.,"Outline a weekly operating rhythm for content, leads, and follow up.",Follow for operator systems,Text Post,Idea
Brand Voice,Creators,"If every post sounds the same, none of them sound like you.",Teach a 3 trait brand voice exercise.,Comment VOICE for the prompt,Text Post,Idea
Consulting,Consultants,Clients buy confidence before they buy execution.,Explain how clear process visuals increase trust.,DM PROCESS if you want a sample,Carousel,Idea
Case Studies,Agencies,Case studies fail when they only show before and after.,"Add decision points, obstacles, and lessons to make them persuasive.",Save this case study structure,Text Post,Idea
Lead Qualification,Founders,Not every lead deserves a call.,"Create a simple lead scoring model using fit, urgency, and budget.",Comment SCORE for the sheet,Text Post,Idea
Workflow,Consultants,A spreadsheet plus a simple workflow can outperform fancy software.,Show a practical lead tracker setup with next follow up dates.,Follow for practical systems,Text Post,Idea
Visibility,Coaches,The people who need your help cannot hire the version of you they cannot see.,Explain why consistent visibility drives trust.,Share this reminder,Text Post,Idea
Comment Strategy,Creators,Comments are content too.,Teach a daily comment strategy to grow reach without posting more.,Save this for tomorrow,Text Post,Idea
Inbound Leads,Agencies,The best lead magnets solve one painful problem fast.,Break down what makes a downloadable checklist convert.,Comment LEADMAGNET for examples,Carousel,Idea
Offer Design,Consultants,"If your service is hard to explain, it is hard to buy.",Use a simple naming and packaging framework.,DM PACKAGE for help,Text Post,Idea
Personal Brand,Founders,You do not need to be famous. You need to be memorable to the right people.,Explain niche relevance over vanity metrics.,Follow for smarter personal branding,Text Post,Idea
